"p_val","avg_log2FC","pct.1","pct.2","p_val_adj","gene"
0,2.04265168476433,0.432,0.128,0,"HLA.DRB5"
0,1.62341632438127,0.625,0.286,0,"PPP1CA"
0,1.37405636684171,0.455,0.246,0,"GIMAP4"
0,1.34819576491047,0.92,0.807,0,"RPS26"
0,1.3121225804333,0.371,0.181,0,"TXNL4A"
0,1.30488790095688,0.26,0.123,0,"HDAC1"
0,1.30412886650722,0.289,0.139,0,"PSMB8.AS1"
0,1.27316275621465,0.543,0.298,0,"YPEL3"
0,1.19313142533287,0.278,0.138,0,"TMEM179B"
0,1.1916025814256,0.451,0.308,0,"GZMA"
0,1.17497803717411,0.272,0.14,0,"PSMB2"
0,1.15923636832028,0.453,0.275,0,"EFHD2"
0,1.158841906951,0.289,0.149,0,"SPN"
0,1.15853052497194,0.528,0.317,0,"PRELID1"
2.09969508370414e-314,1.15807770822831,0.267,0.147,4.44631430925189e-310,"APOBEC3G"
0,1.14730195289226,0.253,0.133,0,"MRPL51"
2.00928286269157e-272,1.13866962460475,0.329,0.214,4.25485739003566e-268,"GZMB"
0,1.12855075151693,0.276,0.145,0,"NCBP2.AS2"
0,1.12306565666613,0.269,0.143,0,"TAF10"
0,1.1201764195317,0.35,0.194,0,"PDCD6"
0,1.11024210732043,0.548,0.33,0,"PSMB10"
0,1.10649431623479,0.313,0.177,0,"ABHD17A"
0,1.10280977597493,0.316,0.169,0,"RGS19"
0,1.10086958780338,0.298,0.17,0,"MRPS6"
0,1.07466053390914,0.507,0.302,0,"GIMAP7"
0,1.05341894184577,0.746,0.519,0,"CLIC1"
0,1.04922106489347,0.359,0.207,0,"GLRX"
0,1.04796007425694,0.494,0.3,0,"SRSF9"
0,1.04004758154686,0.326,0.185,0,"MRPS34"
2.62242434896878e-260,1.00815574429183,0.25,0.143,5.55324580137629e-256,"MRPL34"
0,1.00360527797689,0.344,0.21,0,"MGST3"
0,0.992616283488929,0.477,0.3,0,"SLC9A3R1"
6.0242417533532e-295,0.987681017885258,0.273,0.155,1.27569343369007e-290,"RER1"
0,0.98486603011991,0.329,0.192,0,"PYCARD"
0,0.983315199724089,0.321,0.191,0,"SNX17"
0,0.977572928453977,0.414,0.257,0,"ALOX5AP"
0,0.964856703822785,0.438,0.272,0,"BST2"
0,0.963902747421927,0.325,0.193,0,"TWF2"
1.56470892684627e-289,0.958850248319404,0.282,0.164,3.31342762348966e-285,"MIEN1"
0,0.958164336746066,0.393,0.249,0,"SYNGR2"
0,0.957502562396524,0.649,0.44,0,"ARL6IP5"
0,0.956867802941926,0.488,0.288,0,"GNAI2"
0,0.955437409278751,0.485,0.315,0,"PGAM1"
0,0.952128152320308,0.391,0.243,0,"UBE2L6"
3.34312303212327e-210,0.939354701328493,0.265,0.17,7.07939733282423e-206,"AC006129.2"
1.06973034021137e-225,0.935400403044583,0.251,0.152,2.26526096843159e-221,"TEX264"
8.80176860964537e-294,0.926938348604037,0.313,0.192,1.8638625207785e-289,"TMED9"
1.76483931459817e-315,0.922652656254784,0.322,0.196,3.73722373259309e-311,"NDUFC1"
6.16378756931509e-267,0.915673620632504,0.305,0.191,1.30524365567816e-262,"PDIA6"
2.25244238960932e-231,0.911107417782131,0.276,0.171,4.76977200423669e-227,"AGTRAP"
0,0.906925132329492,0.78,0.55,0,"ARPC1B"
7.96823210911604e-273,0.902736974719121,0.393,0.273,1.68735283142641e-268,"PRF1"
0,0.900467816984377,0.414,0.258,0,"CSK"
7.50274060539393e-145,0.898995676321566,0.277,0.196,1.58878035059822e-140,"SPON2"
0,0.896839653442804,0.366,0.226,0,"M6PR"
1.70277728813976e-316,0.8965969803527,0.361,0.222,3.60580118536476e-312,"FCER1G"
0,0.894436498060828,0.373,0.233,0,"CD63"
0,0.89425303391129,0.448,0.289,0,"SELPLG"
0,0.885853615444338,0.641,0.487,0,"GSTP1"
0,0.88527320186985,0.321,0.188,0,"TSC22D4"
0,0.882781676321015,0.556,0.389,0,"NDUFB2"
5.14755700595501e-209,0.879602042804986,0.259,0.163,1.09004667158103e-204,"EIF6"
9.54478092384351e-193,0.869856556220697,0.256,0.165,2.0212028084331e-188,"PRMT1"
1.20924117314901e-224,0.864197266316546,0.266,0.164,2.56068910826034e-220,"LRPAP1"
0,0.857187458515916,0.53,0.301,0,"HLA.DRB1"
1.01167348638838e-223,0.856771746521283,0.319,0.214,2.14231977477603e-219,"APMAP"
0,0.854422959493258,0.362,0.22,0,"PPP4C"
0,0.849559634673158,0.511,0.351,0,"SET"
0,0.848684443875255,0.499,0.339,0,"KRT10"
0,0.848606715216596,0.42,0.284,0,"MED10"
2.37629955358557e-270,0.846528349877008,0.339,0.224,5.0320519346728e-266,"NDUFAB1"
3.75489890839347e-322,0.845243349920372,0.369,0.24,7.95137392841402e-318,"ZNF706"
0,0.844994974281456,0.488,0.342,0,"ATP5F1"
1.97626258336499e-323,0.842770942088025,0.396,0.268,4.18493364653369e-319,"MAT2B"
8.6734113149154e-315,0.842272562722516,0.263,0.136,1.83668158004648e-310,"HLA.DQB1"
2.49320695862508e-291,0.832851275178074,0.37,0.25,5.27961505558447e-287,"ECH1"
5.18800305452659e-196,0.823779459339255,0.337,0.236,1.09861152682655e-191,"GZMH"
4.90375125353412e-226,0.822633257713731,0.29,0.187,1.03841836544839e-221,"UQCRC1"
0,0.810536306750311,0.547,0.361,0,"TRAPPC1"
1.20322356467325e-287,0.810283140353495,0.348,0.226,2.54794622055207e-283,"SSNA1"
1.93423855870642e-285,0.810241479658819,0.471,0.35,4.09594357191671e-281,"CST7"
5.36968743488744e-251,0.809801380685915,0.45,0.353,1.13708501121176e-246,"CD2"
0,0.808668800812582,0.963,0.914,0,"PFN1"
0,0.808413667966317,0.639,0.449,0,"ATP6V0E1"
5.55723260616902e-246,0.8079960758076,0.3,0.189,1.17679957668235e-241,"ARHGAP30"
0,0.807278002764279,0.614,0.435,0,"UQCR10"
0,0.805355611707306,0.588,0.417,0,"BRK1"
0,0.805126605021939,0.536,0.352,0,"HLA.DPA1"
6.66350555689169e-307,0.804295976786296,0.415,0.295,1.41106393672738e-302,"PYURF"
0,0.803093674706736,0.994,0.977,0,"ACTB"
0,0.802615227740228,0.418,0.275,0,"PPP1R18"
7.79550254508891e-305,0.798000370640923,0.438,0.321,1.65077561894803e-300,"TSTD1"
3.22492643701692e-152,0.796361277046986,0.396,0.318,6.82910422302704e-148,"TRBC1"
0,0.791924177353799,0.681,0.511,0,"PSMB9"
1.15799896292111e-231,0.791753176531447,0.276,0.17,2.45217860388175e-227,"TRAPPC5"
0,0.79157428733618,0.359,0.225,0,"CDKN2D"
0,0.791509269482114,0.388,0.245,0,"TALDO1"
0,0.789463817490561,0.518,0.371,0,"C11orf31"
5.37546089508504e-251,0.785247173603143,0.342,0.229,1.13830759914321e-246,"LMAN2"
2.84062971816881e-173,0.782889169553303,0.276,0.188,6.01531749119428e-169,"TMBIM4"
8.30312665056907e-282,0.7823043089532,0.376,0.256,1.75827009952451e-277,"STUB1"
2.47106298350912e-175,0.781518222215491,0.25,0.162,5.23272297387891e-171,"PCMT1"
3.12796174374629e-155,0.780107814897763,0.257,0.172,6.62377178855714e-151,"RHOC"
0,0.778812224010583,0.535,0.362,0,"ARPC5"
0,0.771901536620963,0.866,0.723,0,"S100A4"
1.30677057633524e-186,0.770149349248709,0.324,0.229,2.76721737244751e-182,"H1FX"
1.89027331260824e-146,0.76988213447187,0.271,0.187,4.00284276677921e-142,"FCGR3A"
0,0.768497243073504,0.641,0.493,0,"PSME2"
2.21368843057771e-207,0.761411808405202,0.302,0.202,4.68770662059136e-203,"TAP1"
0,0.760388675133077,0.545,0.324,0,"S100A11"
5.01425287662542e-165,0.759365617389017,0.289,0.204,1.0618181891542e-160,"ATP5G1"
8.80467460245782e-235,0.759337073055748,0.499,0.4,1.86447789381647e-230,"NKG7"
0,0.759156939337657,0.458,0.325,0,"OSTF1"
1.02425885318008e-165,0.758384911768396,0.261,0.176,2.16897054749413e-161,"IDH2"
1.55740579588011e-314,0.755983048519084,0.445,0.315,3.29796251335572e-310,"DHRS7"
2.37358589902244e-311,0.75485071767,0.369,0.237,5.02630549976991e-307,"AP2S1"
0,0.75335269196257,0.604,0.451,0,"ATP5G3"
3.13868416473333e-312,0.7530546820861,0.448,0.315,6.6464775872393e-308,"CTSC"
0,0.751178018476173,0.586,0.433,0,"DBI"
0,0.747710423377694,0.497,0.357,0,"DAD1"
6.4777650451802e-270,0.746291638284848,0.391,0.274,1.37173152596736e-265,"ANAPC11"
2.44724061087928e-177,0.745589963230042,0.292,0.202,5.18227671759797e-173,"MRPL43"
1.04485306129669e-188,0.743204414176301,0.318,0.22,2.21258084260188e-184,"IFI6"
1.95045243112029e-304,0.742487563343503,0.375,0.24,4.13027806814033e-300,"ANXA2"
0,0.738516574956354,0.417,0.231,0,"LYZ"
2.3658890572628e-152,0.738447689426869,0.328,0.24,5.01000666765971e-148,"HOPX"
4.8870913582758e-204,0.73778518988098,0.31,0.209,1.03489046602848e-199,"IFI16"
3.77192341115317e-313,0.737238193098579,0.443,0.315,7.98742501545796e-309,"RPS27L"
1.4728131230008e-151,0.735772117195156,0.262,0.181,3.11882906926649e-147,"THOC7"
3.29804589202107e-220,0.735030500693906,0.333,0.227,6.98394198094382e-216,"RPN1"
0,0.734707755325235,0.739,0.607,0,"IL2RG"
0,0.734403540593431,0.943,0.844,0,"H3F3A"
4.15388514549066e-180,0.730734642746391,0.256,0.164,8.79626718409102e-176,"ORAI1"
1.26104719810825e-210,0.728240931071107,0.322,0.218,2.67039354671402e-206,"CKLF"
1.47941959300743e-171,0.726810176929088,0.284,0.193,3.13281893015253e-167,"GLIPR2"
8.94984655824278e-265,0.72359785290367,0.407,0.293,1.89521950717349e-260,"PSMB6"
1.59206791835097e-258,0.720820738931771,0.414,0.3,3.37136302390002e-254,"SPCS2"
7.15188694309288e-137,0.720196234371961,0.265,0.189,1.51448357906935e-132,"FAM96A"
6.97846739658418e-151,0.718535663911169,0.282,0.2,1.47776025590067e-146,"ITGB7"
0,0.717497566960962,0.563,0.408,0,"ATP5J2"
0,0.717034528686888,0.873,0.774,0,"CORO1A"
1.15589448599613e-176,0.71681618821392,0.306,0.214,2.44772216354541e-172,"MYDGF"
4.06110872079869e-129,0.713839108986136,0.314,0.233,8.5998038271633e-125,"FGFBP2"
0,0.713579275208396,0.497,0.362,0,"COX5A"
0,0.71114891346851,0.731,0.589,0,"SRSF5"
0,0.71095748820593,0.692,0.552,0,"LY6E"
1.95984021542378e-157,0.708592450672278,0.265,0.181,4.15015764018141e-153,"CCDC107"
5.00151638918023e-193,0.708406713978271,0.268,0.173,1.05912111057281e-188,"CHMP4B"
1.66291672106002e-129,0.7079177138807,0.252,0.178,3.5213924485167e-125,"TMEM109"
0,0.706419233293745,0.562,0.467,0,"LCK"
4.15295795527297e-67,0.70579172485623,0.253,0.209,8.79430376608605e-63,"CD27"
2.63776679293214e-234,0.702218906061295,0.359,0.247,5.5857349607131e-230,"C1orf162"
0,0.69480268827163,0.532,0.4,0,"NEDD8"
4.24505385669667e-104,0.694665621593611,0.276,0.209,8.98932604694087e-100,"AP1S2"
6.02920568269793e-291,0.694138897471144,0.539,0.426,1.27674459536811e-286,"TSPO"
2.98210851869389e-166,0.692868731379413,0.345,0.258,6.31491299918617e-162,"PGLS"
0,0.683101270782999,0.567,0.421,0,"SEC61B"
5.00904812456969e-160,0.682975767040421,0.32,0.235,1.06071603085888e-155,"SRI"
7.42375296274463e-198,0.681900417200775,0.256,0.153,1.5720539273908e-193,"HLA.DQA1"
6.03233991814373e-161,0.676459712147532,0.334,0.248,1.27740830106612e-156,"GIMAP1"
0,0.676046776056239,0.566,0.403,0,"HLA.DPB1"
0,0.674213900890762,0.693,0.549,0,"PRR13"
1.02236306486958e-123,0.672196849224911,0.255,0.182,2.16495602616782e-119,"KXD1"
1.80144537725687e-123,0.671802420026437,0.257,0.185,3.81474073087915e-119,"LSM2"
0,0.671393591046296,0.518,0.39,0,"PSMB1"
3.84344622533226e-163,0.670272621090046,0.288,0.2,8.1388817267636e-159,"SCAMP2"
2.79976275980079e-135,0.669654546984248,0.264,0.187,5.92877762015416e-131,"NDUFB3"
1.90498534278114e-139,0.666329356365777,0.294,0.215,4.03399696187335e-135,"HMOX2"
0,0.666104673679569,0.924,0.826,0,"MYL6"
1.02979972502472e-159,0.665343194903791,0.332,0.247,2.18070389771234e-155,"ATRAID"
5.7730068713389e-149,0.663269071555567,0.297,0.215,1.22249193507472e-144,"SSBP4"
0,0.662449232249749,0.565,0.433,0,"H2AFZ"
0,0.662214490231758,0.579,0.439,0,"VAMP8"
0,0.658078046185304,0.567,0.438,0,"C4orf3"
7.41184984351811e-192,0.657511429071513,0.367,0.271,1.5695333228634e-187,"PSMD8"
1.03931149271255e-252,0.655864980933784,0.401,0.282,2.20084601696809e-248,"ATP6V0B"
2.80296173020008e-178,0.654651109195779,0.343,0.251,5.93555175987169e-174,"IMP3"
0,0.652558075162307,0.832,0.675,0,"EMP3"
9.81400058470309e-150,0.65226193043221,0.29,0.207,2.07821276381673e-145,"MLF2"
9.48173374894045e-147,0.652097620917258,0.254,0.172,2.00785193867563e-142,"CHMP2A"
0,0.650952552202371,0.618,0.48,0,"KRTCAP2"
9.03564471647361e-114,0.6505772506247,0.257,0.188,1.91338812516045e-109,"SEC11C"
1.06179103206714e-123,0.648668760274854,0.272,0.199,2.24844868950538e-119,"FNTA"
0,0.648270756987131,0.877,0.764,0,"CYBA"
3.19461134169933e-185,0.64663508786449,0.347,0.25,6.7649089771825e-181,"REEP5"
6.219214411383e-152,0.645540626169832,0.294,0.21,1.31698084375447e-147,"TMEM160"
3.85564650189942e-167,0.64385520467053,0.257,0.168,8.1647170324222e-163,"TPST2"
0,0.643413973460909,0.802,0.684,0,"GABARAP"
1.28505929665219e-213,0.642900463257531,0.515,0.422,2.72124156659068e-209,"GZMM"
5.87858798773397e-164,0.641326288065028,0.326,0.237,1.24484979228255e-159,"DYNLT1"
6.25598430151405e-132,0.639843829151254,0.287,0.211,1.32476723568861e-127,"PDCD5"
0,0.638908691773244,0.598,0.46,0,"HLA.F"
0,0.637645224289641,0.842,0.738,0,"ARPC2"
0,0.636594184624175,0.595,0.461,0,"LAMTOR4"
1.91350235307961e-156,0.635879041118916,0.3,0.214,4.05203258288138e-152,"SDF4"
8.1425394887331e-218,0.633146759279435,0.428,0.329,1.72426416213412e-213,"UQCRFS1"
2.19977756694429e-256,0.628027141243964,0.443,0.306,4.65824897576124e-252,"TYROBP"
0,0.627723742620762,0.683,0.586,0,"ITGB2"
7.99098444739012e-106,0.625351929744884,0.272,0.206,1.69217086657933e-101,"VAMP5"
5.04618216761661e-132,0.625142465050626,0.316,0.24,1.06857953581449e-127,"PSMA5"
6.97034856878604e-102,0.621947484831498,0.255,0.19,1.47604101292613e-97,"FKBP11"
1.30695570654049e-76,0.6197949900491,0.286,0.23,2.76760940417014e-72,"CMC1"
1.4494600701285e-196,0.619758377168457,0.369,0.267,3.0693766445041e-192,"PTPN6"
1.8800494988165e-139,0.619345729424511,0.366,0.291,3.98119281869382e-135,"PRDX2"
1.22693116333836e-119,0.619276746228543,0.273,0.202,2.59814943148532e-115,"PDAP1"
3.72419215462138e-240,0.618621514190571,0.548,0.458,7.88634930662623e-236,"ISG20"
1.03723439260792e-180,0.618446570021342,0.419,0.328,2.19644754978653e-176,"SERPINB1"
1.85013785259042e-122,0.618387853039212,0.299,0.227,3.91785191664547e-118,"LSM4"
0,0.618091481698216,0.881,0.773,0,"CD74"
0,0.617575549326788,0.745,0.619,0,"UQCR11"
0,0.61499439552146,0.641,0.517,0,"TPI1"
3.93245926688807e-180,0.614611906744094,0.371,0.277,8.32737574356218e-176,"BTN3A2"
2.1052938616224e-157,0.614168481350644,0.349,0.265,4.4581702813716e-153,"SNX6"
2.36912877520342e-156,0.61415547308919,0.351,0.266,5.01686709437077e-152,"MRPL20"
0,0.613735490324447,0.446,0.306,0,"WDR1"
4.57731471517215e-277,0.613459278954559,0.472,0.352,9.69292164084854e-273,"SCAND1"
8.27254348841973e-224,0.613198802715388,0.464,0.362,1.75179380910776e-219,"PRDX5"
3.49359974927986e-143,0.61295381948393,0.32,0.238,7.39804682907502e-139,"ZNHIT1"
1.19528916127258e-131,0.611166128506633,0.333,0.257,2.53114432791081e-127,"RNF167"
4.38730293507027e-321,0.610815571471932,0.535,0.407,9.2905526953048e-317,"GNB2"
0,0.610525176169921,0.709,0.591,0,"CRIP1"
8.69219191969526e-285,0.60829016642342,0.476,0.355,1.84065856091467e-280,"PSMB3"
2.33113124121048e-257,0.607313133421344,0.638,0.563,4.93640351638731e-253,"RARRES3"
0,0.606573665365544,0.84,0.732,0,"PSME1"
1.54662452275983e-206,0.605424936239747,0.437,0.337,3.27513208939622e-202,"NDUFB7"
7.70633227349534e-195,0.604856935445786,0.307,0.204,1.63189292223537e-190,"VASP"
9.09837947428411e-298,0.602140697502831,0.582,0.466,1.9266728374744e-293,"PDIA3"
2.11851114579088e-126,0.601009973098236,0.276,0.2,4.48615920232676e-122,"HN1"
0,0.598929621047638,0.886,0.807,0,"TXNIP"
6.862591191406e-129,0.597742982234288,0.304,0.229,1.45322231069213e-124,"GADD45GIP1"
2.10289361170776e-130,0.597359053360136,0.302,0.226,4.45308751215235e-126,"MRPL41"
4.44035852326024e-133,0.595809235292367,0.345,0.269,9.40290320885588e-129,"POLR3GL"
6.03850933349603e-155,0.59431690722124,0.317,0.231,1.27871473646112e-150,"ICAM2"
1.85559138929414e-269,0.593704375066126,0.546,0.443,3.92940032596926e-265,"DRAP1"
1.42941540191613e-313,0.593576905207504,0.579,0.468,3.0269300550976e-309,"PSMB8"
1.04326032245189e-308,0.59296138899673,0.526,0.405,2.20920805882412e-304,"ARF5"
2.49460178950777e-120,0.592927819588933,0.321,0.249,5.28256874946165e-116,"OSTC"
8.98768394001547e-157,0.591005561801653,0.366,0.281,1.90323195113768e-152,"FAM96B"
0,0.588241107417513,0.661,0.538,0,"HCLS1"
1.25870289819616e-223,0.587348581886661,0.365,0.247,2.66542925722018e-219,"PLEK"
4.32631941060554e-176,0.587220553651443,0.415,0.327,9.16141398389828e-172,"XRCC5"
4.34743369752694e-101,0.587162459015187,0.26,0.195,9.20612559788305e-97,"CYC1"
1.45222693474701e-221,0.586374336156391,0.459,0.36,3.07523575702026e-217,"NDUFB10"
4.88042281350375e-245,0.586155832941965,0.464,0.359,1.03347833498755e-240,"GABARAPL2"
7.14459190141547e-256,0.585504817345361,0.53,0.427,1.51293878104374e-251,"SEPW1"
5.63779092475454e-147,0.584910242326623,0.347,0.263,1.19385860622602e-142,"IL16"
0,0.584804452653085,0.761,0.632,0,"PPIB"
0,0.584493814606902,0.682,0.568,0,"RNASEK"
4.8922255180868e-201,0.584280785999088,0.427,0.326,1.03597767571006e-196,"BSG"
6.93755147117337e-139,0.581974414336095,0.303,0.22,1.46909589953567e-134,"SASH3"
4.06519053996644e-109,0.581363708673671,0.319,0.25,8.60844748743293e-105,"DDOST"
9.36503569001092e-173,0.581347378701315,0.439,0.35,1.98313995771671e-168,"FAM49B"
0,0.581220640654577,0.954,0.877,0,"SH3BGRL3"
4.97552018056339e-180,0.580860244807035,0.401,0.307,1.0536161534361e-175,"TBCB"
1.07701045034817e-166,0.579952600941297,0.319,0.229,2.28067732965729e-162,"NAA38"
4.27441012057294e-239,0.577978417591214,0.533,0.436,9.05149087132526e-235,"TRAF3IP3"
1.60407906114226e-171,0.575759069165696,0.389,0.298,3.39679781987486e-167,"PRDX1"
9.06800536770368e-76,0.575012939108309,0.289,0.232,1.92024081666493e-71,"KLRD1"
2.42586111894267e-96,0.57478286388497,0.262,0.199,5.13700350547301e-92,"FLOT2"
2.64819186170908e-321,0.574186727026072,0.557,0.436,5.60781108635515e-317,"PARK7"
4.78655842721668e-167,0.573289726208078,0.384,0.295,1.0136016125474e-162,"ANP32A"
7.93693123139625e-201,0.572399219300169,0.469,0.378,1.68072455756047e-196,"HNRNPF"
9.24310504537397e-106,0.57019927582842,0.3,0.233,1.95731992440839e-101,"DUT"
4.2351564723023e-140,0.569850844948852,0.37,0.287,8.96836734574735e-136,"NPC2"
4.3030925645064e-174,0.568873374727948,0.39,0.297,9.11222881459876e-170,"PSMA6"
0,0.565722380112077,0.86,0.818,0,"IFITM1"
7.43257910703871e-101,0.564864844095337,0.257,0.191,1.57392295170652e-96,"SPCS3"
1.15962721455946e-151,0.564856355370773,0.294,0.21,2.45562658955111e-147,"NDUFAF3"
4.45106883077197e-161,0.564193767450427,0.359,0.268,9.42558335604273e-157,"NOP10"
2.40930650707901e-185,0.564159611660068,0.435,0.346,5.10194745939051e-181,"RAP1A"
1.92151534368326e-132,0.564154487168316,0.332,0.254,4.06900089178368e-128,"THRAP3"
2.62362760856179e-122,0.562585992331208,0.327,0.252,5.55579382389045e-118,"MRPL57"
5.77611697979517e-81,0.559684752522203,0.257,0.2,1.22315053164143e-76,"LSM6"
2.13727843794879e-89,0.557916347117458,0.262,0.202,4.52590082020036e-85,"S1PR4"
7.97652511139157e-312,0.557203036759498,0.623,0.525,1.68910895758828e-307,"MZT2B"
0,0.555365181884484,0.934,0.876,0,"CFL1"
5.7205702126602e-170,0.554228743866207,0.464,0.379,1.21138794823292e-165,"BAX"
1.04399184301475e-116,0.55357235371672,0.311,0.238,2.21075712676804e-112,"RNF181"
4.66741646631378e-114,0.553153339549728,0.299,0.227,9.88372110906607e-110,"COX17"
4.15957738123141e-81,0.552944276731287,0.263,0.206,8.80832106249564e-77,"CCT6A"
6.7842553775564e-101,0.552866405074482,0.276,0.21,1.43663391875134e-96,"FUNDC2"
3.99315975689647e-126,0.552375344183808,0.365,0.286,8.45591510120396e-122,"C12orf75"
0,0.551817261498885,0.994,0.98,0,"TMSB4X"
5.0522859376873e-134,0.55172379230505,0.363,0.286,1.06987207016466e-129,"SCP2"
2.29906093316588e-116,0.551616168035022,0.34,0.27,4.86849143207208e-112,"DNAJC8"
3.53395739148719e-202,0.551162327487156,0.496,0.401,7.48350817221328e-198,"ANXA6"
8.39883386862294e-143,0.549883634413947,0.325,0.244,1.77853706001959e-138,"SUPT4H1"
0,0.548106781001138,0.866,0.77,0,"ARPC3"
2.63442794045545e-309,0.547953591565539,0.602,0.493,5.57866460670845e-305,"ENO1"
1.48902037329616e-103,0.54668122595648,0.289,0.22,3.15314954249195e-99,"RASSF1"
0,0.545550170688558,0.653,0.551,0,"COX8A"
3.5474387692577e-168,0.545483594165591,0.416,0.33,7.5120563377801e-164,"MINOS1"
9.79726785786575e-239,0.54530580239486,0.535,0.436,2.07466944158165e-234,"JTB"
1.1110047512931e-293,0.545198077657158,0.595,0.49,2.35266366133826e-289,"PSMA7"
3.60961381843628e-264,0.544945746373608,0.557,0.452,7.64371822192066e-260,"WDR83OS"
2.71410423701875e-120,0.543420116746777,0.359,0.288,5.74738713231089e-116,"PSMC5"
6.11292306312906e-132,0.542542778474177,0.347,0.27,1.29447258784821e-127,"TMED2"
3.66725278081508e-99,0.541846068186748,0.284,0.218,7.76577448865402e-95,"COPS6"
8.61612006840138e-101,0.540877795403932,0.319,0.254,1.82454958568468e-96,"NHP2"
0,0.540751685989154,0.645,0.538,0,"NDUFA1"
5.79470698729608e-104,0.540564715695319,0.292,0.225,1.22708715162982e-99,"LSM3"
6.12079956015805e-82,0.540304576634849,0.255,0.198,1.29614051485907e-77,"PHB"
6.67343250329637e-193,0.538837321820179,0.463,0.368,1.41316606689804e-188,"SHISA5"
1.79882052353951e-271,0.538363224037669,0.572,0.471,3.80918234064726e-267,"SPCS1"
2.60251158900574e-81,0.537419121571726,0.464,0.417,5.51107854087855e-77,"CTSW"
5.21533154809246e-145,0.537118238309697,0.336,0.252,1.10439860862406e-140,"POLR2E"
1.27020718618041e-79,0.537027120271013,0.253,0.196,2.68979073745564e-75,"VDAC1"
3.33600613559226e-223,0.535926464060421,0.52,0.423,7.06432659273016e-219,"ICAM3"
5.18039533489819e-92,0.535568474455657,0.295,0.235,1.09700051611804e-87,"SDHC"
1.74437966239888e-119,0.535030158194425,0.336,0.261,3.69389837309586e-115,"ARPC5L"
1.84256173812007e-133,0.534994447690969,0.294,0.213,3.90180873664305e-129,"RAB1B"
0,0.534259505911868,0.807,0.724,0,"LIMD2"
1.03895306764024e-213,0.532992343714607,0.468,0.368,2.20008701603496e-209,"CCDC85B"
1.02782412155342e-109,0.532049695979717,0.342,0.274,2.17652035980152e-105,"C19orf70"
3.22785325869137e-197,0.529718683012871,0.455,0.358,6.83530206060484e-193,"BCAP31"
3.67708873884211e-200,0.529407764077797,0.48,0.387,7.78660311337206e-196,"UQCRQ"
2.19166665622117e-151,0.527989850977226,0.428,0.347,4.64107331121394e-147,"SEC11A"
0,0.52760509965555,0.929,0.871,0,"GAPDH"
1.24121504844079e-111,0.52675961569065,0.302,0.229,2.62839698657823e-107,"IQGAP2"
1.49759160238165e-276,0.526059834266548,0.564,0.453,3.17129997720339e-272,"PTP4A2"
2.31073041102119e-139,0.525268361648425,0.372,0.291,4.89320271837848e-135,"UBE2L3"
1.56792548586633e-150,0.524755656298155,0.433,0.349,3.32023900887054e-146,"RCSD1"
1.1798845957298e-241,0.52448801220336,0.559,0.463,2.49852361991743e-237,"NDUFB9"
0,0.524399307107524,0.707,0.61,0,"UCP2"
2.52278404404515e-298,0.523605944276065,0.602,0.492,5.34224749167002e-294,"CAP1"
3.15661443848002e-100,0.523529526758439,0.295,0.229,6.68444673492528e-96,"PIN1"
6.18592419288526e-198,0.52350999289579,0.465,0.357,1.30993130708538e-193,"CTSS"
0,0.522874678137033,0.809,0.756,0,"PTPRCAP"
6.03083579629446e-195,0.522182694624826,0.496,0.405,1.27708978822331e-190,"RABAC1"
8.24625912419158e-190,0.520498329612022,0.484,0.394,1.74622783213881e-185,"ANXA11"
6.8770256801598e-124,0.520422951519254,0.368,0.294,1.45627895803064e-119,"TOMM5"
1.95892197589997e-118,0.520384246241701,0.335,0.261,4.14821317616577e-114,"RPS19BP1"
5.38367247222688e-100,0.519528443902391,0.274,0.207,1.14004648271876e-95,"ADRM1"
4.75971000682958e-93,0.519033952054253,0.289,0.226,1.00791619104623e-88,"COMMD7"
3.41348544160213e-302,0.518961052448922,0.773,0.706,7.22839677113666e-298,"HCST"
1.10628508640988e-96,0.518875914460517,0.342,0.276,2.34266929898157e-92,"GLIPR1"
2.21218178581197e-68,0.518697446304014,0.275,0.224,4.68451614963543e-64,"C5orf56"
3.30877851567206e-179,0.517395724741852,0.475,0.391,7.00666938478714e-175,"SRP9"
9.94606860551739e-303,0.516271174483985,0.568,0.439,2.10617948790436e-298,"TGFB1"
2.64252056932958e-78,0.515378936454178,0.262,0.206,5.59580155761231e-74,"NT5C"
4.15870522805487e-128,0.513595421385278,0.356,0.278,8.80647419092899e-124,"BANF1"
4.26118133073231e-196,0.509153129694425,0.451,0.353,9.02347758595874e-192,"ATP6V1F"
1.57320809154219e-83,0.508099954244878,0.28,0.22,3.33142545464975e-79,"PPM1G"
4.05097994649489e-28,0.506410775931955,0.547,0.579,8.57835513469757e-24,"LTB"
7.70881467866502e-177,0.505724931681627,0.542,0.439,1.63241859635411e-172,"CCL5"
5.61334247650681e-155,0.50529434191526,0.443,0.362,1.18868140282508e-150,"SF3B5"
0,0.504143090846059,0.868,0.81,0,"CD52"
5.32867523331432e-142,0.502293597589702,0.452,0.38,1.12840026740664e-137,"MDH2"
3.20500201408622e-164,0.502136974045237,0.391,0.302,6.78691226502898e-160,"AP2M1"
0,0.501702468568524,0.88,0.803,0,"IFITM2"
0,0.501441128392643,0.997,0.994,0,"B2M"
4.94738828400752e-97,0.500256487387166,0.311,0.246,1.04765894302143e-92,"GTF2A2"
1.72033570473504e-80,0.498666035675719,0.296,0.24,3.64298288834693e-76,"ZNF428"
4.15346957801908e-103,0.497706540622132,0.334,0.268,8.79538717841321e-99,"NDUFS6"
1.93217688949697e-152,0.496949358382978,0.414,0.331,4.09157778119879e-148,"DYNLRB1"
7.1112779974004e-152,0.496333806805833,0.457,0.369,1.50588422872951e-147,"CTSD"
5.91846509583206e-91,0.496136230059655,0.325,0.265,1.2532941686934e-86,"SNRPC"
4.67334122312865e-213,0.495481598352926,0.59,0.505,9.89626737409723e-209,"SEPT7"
0,0.495206223903332,0.92,0.851,0,"MYL12A"
2.93869798511648e-202,0.493426401094632,0.521,0.432,6.22298685328266e-198,"NDUFA3"
0,0.493350596058891,0.726,0.605,0,"CD99"
1.55518709599174e-275,0.492648376604105,0.431,0.31,3.29326419447212e-271,"LAMTOR1"
9.19134916372105e-68,0.492265867362688,0.254,0.203,1.94636009890957e-63,"GRSF1"
1.16143695356314e-129,0.4885341290804,0.424,0.349,2.4594588928653e-125,"P4HB"
5.27443961990932e-134,0.487734467135062,0.263,0.179,1.116915333912e-129,"FGR"
0,0.48771136238245,0.803,0.709,0,"ALDOA"
3.31879569742068e-128,0.487703816730692,0.27,0.192,7.02788176885802e-124,"CTDSP1"
1.49050662132237e-190,0.487648913539505,0.472,0.377,3.15629682131226e-186,"CSTB"
2.43483553455716e-105,0.487194076941745,0.328,0.259,5.15600772797824e-101,"RNH1"
2.23882568570765e-150,0.486236278016637,0.349,0.263,4.74093727205452e-146,"C7orf73"
5.22660757236137e-185,0.485069042642123,0.484,0.395,1.10678641952324e-180,"ATP5J"
0,0.484921144274193,0.696,0.6,0,"UBL5"
1.87539601104273e-192,0.484532087826786,0.525,0.438,3.97133859298408e-188,"POLR2L"
0,0.482706569216906,0.753,0.653,0,"COX6A1"
6.44330066785202e-100,0.482633033279007,0.352,0.285,1.36443334942434e-95,"DCXR"
0,0.482058426927205,0.899,0.767,0,"OAZ1"
6.72902110648682e-53,0.481180857257307,0.261,0.218,1.42493750950965e-48,"PBXIP1"
0,0.479636504047312,0.733,0.628,0,"TCEB2"
1.38040116332128e-74,0.479363380023422,0.297,0.242,2.92313750344915e-70,"KDELR1"
2.76901986452676e-193,0.478830988744522,0.512,0.417,5.86367646512186e-189,"EID1"
4.02722258482811e-143,0.474343787223186,0.305,0.208,8.52804654563201e-139,"CST3"
1.5334908978725e-70,0.473825920082629,0.282,0.229,3.2473203253348e-66,"MFNG"
2.66517729670114e-110,0.473531822983624,0.39,0.322,5.64377944349433e-106,"PA2G4"
0,0.473044143467249,0.792,0.706,0,"S100A10"
6.47843289589353e-102,0.47298215721246,0.279,0.209,1.37187295003441e-97,"CASP1"
7.42753561609867e-157,0.472036593758094,0.413,0.323,1.57285494206505e-152,"TXN"
1.22612334008013e-127,0.471469898885814,0.434,0.367,2.59643878495369e-123,"LAT"
2.63063349445643e-85,0.471358027559078,0.315,0.255,5.57062948786094e-81,"LAMTOR5"
4.11484672785623e-157,0.469223328791162,0.511,0.436,8.71359943090835e-153,"TMEM59"
2.00100089598145e-103,0.468897392738327,0.346,0.275,4.23731949733032e-99,"DSTN"
2.39499175155479e-80,0.468475972705039,0.289,0.231,5.07163453309241e-76,"DDX46"
0,0.468346081170694,0.89,0.795,0,"S100A6"
2.66734129201278e-176,0.468121076079555,0.514,0.431,5.64836191996626e-172,"LSM7"
1.53713078046172e-90,0.467186951541798,0.339,0.276,3.25502814070573e-86,"CASP4"
1.55307576040142e-76,0.466566793275122,0.308,0.252,3.28879323022605e-72,"CANX"
3.97040159391451e-151,0.466425626460489,0.461,0.382,8.40772241527336e-147,"ATP5C1"
4.35959688241004e-306,0.464986787473392,0.695,0.604,9.2318823581915e-302,"COX5B"
2.56518175581939e-137,0.464714531400172,0.448,0.371,5.43202888612313e-133,"HMGN3"
1.42604470498651e-113,0.463541412705762,0.423,0.355,3.01979226727944e-109,"APBB1IP"
4.44633745011011e-75,0.463258341824486,0.281,0.224,9.41556418435318e-71,"EIF2S2"
1.03633134432604e-92,0.462271831272276,0.574,0.524,2.19453525474481e-88,"PSAP"
9.79517113422683e-101,0.461875947383358,0.406,0.343,2.07422543938387e-96,"POLD4"
3.38290648995593e-57,0.461601440921821,0.399,0.368,7.16364278313067e-53,"CD3G"
3.42508281731704e-131,0.461274395700156,0.383,0.301,7.25295537395056e-127,"IQGAP1"
7.15895944010343e-176,0.457370093658658,0.416,0.315,1.5159812510363e-171,"CARD16"
3.64784853809916e-88,0.456856561515825,0.339,0.279,7.72468406427878e-84,"CHCHD10"
6.94317200888582e-155,0.456481430823792,0.528,0.459,1.47028610460166e-150,"ACTR3"
5.87956349715726e-75,0.456088126512518,0.654,0.692,1.24505636615802e-70,"IL32"
1.69425054475358e-202,0.455264745316582,0.378,0.254,3.58774495357019e-198,"HLA.DRA"
9.97253239931093e-109,0.454658838068164,0.392,0.326,2.11178346087808e-104,"MYEOV2"
3.21386807589675e-251,0.454085561959355,0.66,0.579,6.80568703751895e-247,"APRT"
1.51367854701774e-92,0.453613336015582,0.392,0.329,3.20536569116476e-88,"ITGA4"
4.11804961599966e-94,0.453263627017708,0.363,0.298,8.72038186684088e-90,"DOK2"
3.88384732270007e-77,0.451678511065345,0.359,0.307,8.22443509054966e-73,"TMEM230"
4.99359382369451e-59,0.451426460369169,0.277,0.228,1.05744342810555e-54,"STAT1"
2.68971649761079e-160,0.451350384287901,0.421,0.336,5.69574365534062e-156,"RBX1"
9.77820903618847e-64,0.4511277648171,0.281,0.232,2.07063354550327e-59,"CCNDBP1"
3.9233394439987e-82,0.449897683277665,0.324,0.266,8.30806360661165e-78,"NDUFS8"
1.67177497564551e-147,0.449871522246799,0.466,0.368,3.54015068842694e-143,"LGALS1"
1.36844242526075e-61,0.448430416829623,0.292,0.244,2.89781367973216e-57,"PSMD4"
7.03453414492894e-75,0.447811949301517,0.331,0.277,1.48963295053015e-70,"DCTN3"
4.4258630659696e-107,0.447701397146557,0.375,0.307,9.37220762849723e-103,"AURKAIP1"
3.05535108487991e-79,0.446065820450338,0.265,0.206,6.4700114573417e-75,"ARPC4"
0,0.445128088042611,0.83,0.753,0,"CIRBP"
1.79493604517596e-67,0.444885035139014,0.286,0.235,3.80095656926461e-63,"C18orf32"
7.30564585793006e-104,0.443575899520967,0.348,0.279,1.54704356687527e-99,"HNRNPUL1"
1.23332987973917e-107,0.442349478140076,0.347,0.274,2.61169935333567e-103,"CAPN2"
4.80245828908815e-206,0.44140066731813,0.612,0.502,1.01696856729731e-201,"ANXA1"
1.02856023193192e-119,0.441363333687324,0.453,0.38,2.17807914713903e-115,"SAMHD1"
0,0.441353885416377,0.858,0.786,0,"SRP14"
1.68932840489058e-123,0.441294732059987,0.459,0.394,3.5773218301963e-119,"FIS1"
7.41829234337903e-197,0.437628382152221,0.364,0.251,1.57089758663394e-192,"IFITM3"
7.07534619268973e-60,0.436557420777537,0.261,0.213,1.49827530976398e-55,"PHF11"
3.18019581480706e-73,0.435990162467376,0.358,0.308,6.73438265743543e-69,"MEAF6"
4.01535502723161e-59,0.435820524498904,0.28,0.233,8.50291580566567e-55,"COX16"
1.16843163745217e-77,0.434097546199621,0.321,0.265,2.47427083546872e-73,"FAAP20"
5.62896459144984e-91,0.433838275544294,0.374,0.314,1.19198954188542e-86,"NDUFA2"
1.95122883862542e-112,0.430101166857982,0.393,0.319,4.13192218867318e-108,"C10orf54"
1.00672745505081e-168,0.429412958246652,0.595,0.527,2.1318460588156e-164,"ANAPC16"
4.0199965691207e-59,0.428884938710631,0.286,0.237,8.51274473477e-55,"RBCK1"
2.08439573142919e-89,0.428860254377102,0.308,0.245,4.41391640087445e-85,"DBNL"
4.13469071028903e-203,0.428717120465491,0.55,0.458,8.75562104810805e-199,"C14orf2"
2.0545451003367e-54,0.428596587267552,0.252,0.207,4.350704704473e-50,"FGFR1OP2"
2.07570309881907e-65,0.428496105946969,0.288,0.238,4.39550888205926e-61,"NAA10"
2.62781593147737e-64,0.427998517060662,0.277,0.226,5.56466301649648e-60,"CLTB"
5.47825859891972e-112,0.427007326632968,0.291,0.214,1.16007604090724e-107,"STXBP2"
2.63854988309888e-56,0.425893068129692,0.27,0.223,5.58739323245019e-52,"NDUFB6"
1.51427539990367e-55,0.425824757950971,0.261,0.215,3.20662958683602e-51,"SS18L2"
4.80945858145015e-96,0.42475778468033,0.362,0.298,1.01845094920788e-91,"FNBP1"
2.01572232694261e-149,0.424745922091607,0.537,0.466,4.26849359953367e-145,"SEC61G"
1.92639373657875e-84,0.42335395962063,0.254,0.191,4.07933137657916e-80,"NCF1"
1.50491143758265e-77,0.423164574098422,0.348,0.293,3.18680046022503e-73,"NME3"
1.49599977110609e-51,0.423145278315394,0.253,0.21,3.16792911529425e-47,"RANBP1"
4.76897643065637e-101,0.423079935703515,0.389,0.327,1.00987844895579e-96,"TMEM219"
5.31772166460856e-41,0.422874283119572,0.261,0.224,1.12608073969751e-36,"DENND2D"
3.87252945731604e-66,0.422328424309837,0.299,0.241,8.20046837881244e-62,"LYAR"
3.65152231232492e-149,0.422286213901844,0.52,0.446,7.73246364857925e-145,"SNX3"
4.80894858234445e-100,0.421897441339024,0.397,0.333,1.01834295179726e-95,"OTUB1"
6.96288330581959e-287,0.421608221804596,0.796,0.733,1.47446016884036e-282,"LSP1"
1.50546742331717e-132,0.420865625922704,0.48,0.412,3.18797781561645e-128,"ERH"
8.22636069789827e-40,0.418914188240256,0.384,0.355,1.74201414138694e-35,"TKT"
5.71125536254321e-143,0.41842231600389,0.514,0.439,1.20941543557215e-138,"ARF6"
4.26688573481507e-243,0.417979820935577,0.587,0.5,9.03555723204439e-239,"GPX4"
2.49420580546765e-55,0.41636301107268,0.324,0.282,5.2817302136583e-51,"TMEM14B"
1.09750131913169e-316,0.414356080189903,0.801,0.727,2.32406879339327e-312,"YWHAB"
7.66429632573285e-83,0.413382454940879,0.314,0.254,1.62299138993719e-78,"KIF2A"
2.08324381340722e-128,0.413332673151202,0.477,0.404,4.41147709927112e-124,"SF3B2"
6.61645094520645e-97,0.413293275326715,0.363,0.288,1.40109965215692e-92,"GNLY"
9.29702670338369e-88,0.413144393377284,0.416,0.361,1.96873837470853e-83,"TCEA1"
2.11972234735412e-147,0.412996105132414,0.469,0.388,4.48872404275708e-143,"UBE2I"
1.46392321472003e-174,0.412936815346094,0.486,0.394,3.10000379949114e-170,"TMEM50A"
9.7158720887729e-79,0.408398805770594,0.339,0.283,2.05743307351855e-74,"NDUFS7"
2.40424634930095e-64,0.407649812165884,0.355,0.308,5.0912320692797e-60,"TMED10"
3.77004337125943e-251,0.407118487038638,0.571,0.456,7.98344384297897e-247,"GNG5"
8.3900253220237e-138,0.407036591835695,0.536,0.469,1.77667176219174e-133,"ARL4C"
9.04343262151806e-60,0.406733373244073,0.337,0.291,1.91503729193266e-55,"SNRPD1"
2.73157232255157e-101,0.406717488957462,0.404,0.338,5.7843775502352e-97,"PET100"
4.27279743369805e-115,0.405225145647918,0.52,0.462,9.048075845599e-111,"GTF3A"
5.63693617053239e-62,0.405192498972601,0.331,0.283,1.19367760347194e-57,"PSMD7"
2.34663289483631e-45,0.404787166447282,0.312,0.277,4.96922981810538e-41,"ATP6AP2"
1.56819295485775e-187,0.404167141079267,0.629,0.558,3.32080540120678e-183,"GUK1"
2.06729489283278e-304,0.403968544901314,0.803,0.73,4.3777036650627e-300,"MYL12B"
6.41979107393851e-134,0.403503058851325,0.366,0.281,1.35945495781722e-129,"TLN1"
7.54236741276496e-74,0.403030065313603,0.343,0.291,1.59717172332711e-69,"MAGOH"
0,0.402487278815293,0.965,0.95,0,"HLA.A"
5.96126835974521e-46,0.401920134928973,0.286,0.246,1.26235818785964e-41,"EMC4"
3.00611530019546e-63,0.399909933263261,0.313,0.263,6.36574975969391e-59,"POLR2J"
2.38453539781134e-85,0.399636231123945,0.453,0.404,5.0494921584053e-81,"SEPT1"
4.71408100803574e-82,0.399091011542642,0.279,0.221,9.98253794261649e-78,"NUTF2"
3.63953462657401e-74,0.397790203709454,0.3,0.243,7.70707852523313e-70,"OSBPL8"
1.39204898419194e-117,0.397286263662687,0.348,0.264,2.94780292892486e-113,"ITGB1"
5.19253952695009e-164,0.394227787491849,0.62,0.558,1.09957217022695e-159,"ARL6IP4"
3.3354350526218e-51,0.393190308962496,0.296,0.251,7.06311726743193e-47,"CDK2AP2"
4.98290395401401e-207,0.391611881293305,0.676,0.604,1.05517974130201e-202,"COX7A2"
7.90149701163345e-39,0.390168213316159,0.272,0.238,1.6732210071835e-34,"MDH1"
4.22310011215659e-301,0.390037063199526,0.851,0.801,8.94283679750279e-297,"PTPRC"
4.88921095594276e-216,0.389459109381075,0.475,0.374,1.03533931203044e-211,"FKBP1A"
4.25569289509045e-281,0.389368728317533,0.783,0.712,9.01185527464354e-277,"GMFG"
8.83658292223732e-34,0.388855553837423,0.512,0.531,1.87123479961298e-29,"CD3D"
5.84302832311166e-302,0.386122078483826,0.81,0.744,1.23731967770213e-297,"CHCHD2"
7.54950716751261e-69,0.38512253276019,0.368,0.318,1.59868363779247e-64,"SNRPD3"
1.24966578633072e-118,0.384965061845156,0.351,0.27,2.64629226913394e-114,"IL10RA"
4.42158846857123e-68,0.384652079379357,0.329,0.277,9.36315574104643e-64,"NDUFA11"
1.23974207668882e-53,0.383186147750955,0.312,0.267,2.62527782159623e-49,"FLI1"
1.71721073840997e-250,0.382819612396135,0.752,0.682,3.63636545965695e-246,"COX6C"
4.17085809823253e-60,0.38086037650932,0.355,0.309,8.83220910881721e-56,"DGUOK"
2.84382801262854e-70,0.379811064871033,0.375,0.324,6.02209019954219e-66,"ROMO1"
1.20847000518468e-58,0.379431707310032,0.297,0.248,2.55905608297908e-54,"TES"
1.23957913903581e-167,0.37940230869395,0.629,0.561,2.62493278482223e-163,"CDC42"
5.47875468183862e-165,0.379091065801441,0.681,0.624,1.16018109142615e-160,"GSTK1"
5.5570413093164e-66,0.378871487959721,0.363,0.315,1.17675906766084e-61,"APH1A"
2.44233599648824e-76,0.378256465853731,0.43,0.381,5.17189070616351e-72,"COX7A2L"
6.58530217751716e-163,0.376889757981269,0.619,0.551,1.39450358911103e-158,"NDUFB11"
3.60696129613263e-187,0.375690816342959,0.769,0.714,7.63810124069045e-183,"KLF2"
5.16312265361133e-87,0.37566205934074,0.392,0.332,1.09334285312874e-82,"NDUFA13"
1.15026081845619e-63,0.373644759388482,0.419,0.378,2.43579230916282e-59,"GDI2"
1.35392477879741e-71,0.372397036545699,0.418,0.373,2.86707111158139e-67,"GHITM"
4.8607377846791e-110,0.371707944506986,0.458,0.392,1.02930983328365e-105,"COPE"
7.59632173055557e-47,0.367433043900258,0.32,0.28,1.60859708966245e-42,"FDFT1"
2.01690947978381e-89,0.367281353229623,0.489,0.432,4.2710075143902e-85,"PRMT2"
2.9662243908677e-87,0.366928681148529,0.37,0.308,6.28127677010145e-83,"NDUFA6"
1.81788899543783e-44,0.364661715698869,0.255,0.212,3.84956173673916e-40,"ARID5B"
4.85019138204496e-258,0.362419888506492,0.833,0.78,1.02707652706184e-253,"RAC2"
2.66544774322633e-38,0.362257471502178,0.278,0.242,5.64435214105607e-34,"MRPL52"
9.74529607331496e-89,0.362092770646435,0.488,0.438,2.06366389648518e-84,"RBM8A"
4.25634220635195e-81,0.361944589417053,0.303,0.238,9.01323025617089e-77,"ANXA5"
1.63944413749474e-114,0.361568332456971,0.364,0.273,3.47168690555885e-110,"KLRB1"
1.21697504199477e-40,0.357906998673951,0.267,0.229,2.57706634892812e-36,"ARL5A"
1.46978473712e-178,0.356143383865684,0.671,0.604,3.11241615932532e-174,"CAPZB"
4.32082676718471e-24,0.356008813286479,0.253,0.228,9.14978276219034e-20,"ADH5"
4.86109978641696e-98,0.355989361211992,0.534,0.482,1.02938649077166e-93,"EIF5A"
6.74960476082749e-66,0.355053268648979,0.349,0.298,1.42929630415283e-61,"PPP2R1A"
8.26611987511207e-80,0.355048842217366,0.578,0.533,1.75043354475373e-75,"CALR"
1.51180544795838e-63,0.354848542753636,0.381,0.334,3.20139921659666e-59,"RAD23A"
1.812056633703e-95,0.353910619425937,0.473,0.416,3.83721112752946e-91,"NDUFA12"
4.78805635932788e-73,0.352808121663557,0.461,0.415,1.01391881465127e-68,"UFC1"
1.12238504479851e-36,0.351075989979193,0.285,0.251,2.37676257086532e-32,"DNAJC15"
1.01840025218931e-95,0.349970568754049,0.524,0.472,2.15656437403608e-91,"CIB1"
2.42256124109752e-41,0.349386467640172,0.303,0.266,5.1300156841481e-37,"RBBP4"
1.82248574288562e-75,0.348917713752154,0.427,0.374,3.85929580913458e-71,"H2AFV"
2.85825714191558e-55,0.348500510963615,0.39,0.347,6.05264532372043e-51,"DEK"
1.00400241251258e-30,0.348144957598347,0.269,0.239,2.12607550873663e-26,"SNRPE"
1.10677084575807e-132,0.342894947681322,0.664,0.615,2.34369794297729e-128,"HIGD2A"
1.14442305468718e-87,0.342061894748692,0.481,0.429,2.42343026060556e-83,"ATP5H"
6.5216725680381e-68,0.341923564631579,0.397,0.348,1.38102938300775e-63,"SSBP1"
4.71118750032482e-73,0.34188481002598,0.426,0.371,9.97641065068785e-69,"XBP1"
9.36121562922998e-120,0.340387474254185,0.554,0.496,1.98233102164574e-115,"TMEM258"
3.81123761439265e-57,0.340339584257138,0.371,0.324,8.07067677223789e-53,"EVI2B"
1.37474242489022e-107,0.340319752507153,0.834,0.807,2.91115455894753e-103,"VIM"
5.29453855322109e-36,0.33921716391074,0.302,0.269,1.1211714840301e-31,"MRPS24"
2.8675157638117e-65,0.338562243203294,0.525,0.489,6.07225138144766e-61,"C9orf142"
1.17054762548299e-138,0.335927013813414,0.63,0.586,2.47875165172278e-134,"RAP1B"
1.85436146369968e-33,0.335665193275368,0.302,0.271,3.92679583553045e-29,"METTL9"
4.79386286579024e-37,0.334662039691777,0.333,0.3,1.01514840045974e-32,"NOL7"
3.59716427099632e-197,0.334366569887087,0.745,0.686,7.6173550602618e-193,"GPSM3"
2.74294389513129e-44,0.333132212902411,0.296,0.256,5.80845799233002e-40,"RHOF"
6.56750086312091e-29,0.332650442671716,0.252,0.223,1.39073398277448e-24,"PPP6C"
1.71836096974867e-39,0.332524828229532,0.324,0.289,3.63880118953979e-35,"CCT7"
1.91290090715904e-185,0.331451244015482,0.702,0.638,4.05075896099997e-181,"NDUFA4"
1.09757043200095e-98,0.330873302646833,0.57,0.512,2.32421514680522e-94,"CD53"
4.00470814324311e-59,0.329295524977242,0.389,0.344,8.48036996413161e-55,"RAB5C"
2.06406991349586e-255,0.327656355321621,0.75,0.671,4.37087444881883e-251,"COX6B1"
3.85226876517823e-56,0.325935664612893,0.404,0.363,8.15756433714141e-52,"TBC1D10C"
4.66596128310769e-37,0.32552279957459,0.263,0.223,9.88063961310885e-33,"MATK"
7.23435140316175e-35,0.324773929876628,0.312,0.28,1.53194625313353e-30,"SYTL1"
2.17502543097741e-37,0.323628935063966,0.335,0.303,4.60583385263777e-33,"PPP1CC"
9.63917876689638e-29,0.323485999067027,0.538,0.535,2.04119249567798e-24,"CD247"
4.5351893976914e-42,0.32333396311524,0.345,0.306,9.60371706855131e-38,"SH3KBP1"
8.53661208720333e-49,0.322520043594216,0.408,0.373,1.80771297558618e-44,"PHB2"
3.57555787180476e-45,0.322241160097566,0.333,0.294,7.57160134933375e-41,"LSM14A"
2.3039940199501e-46,0.318965046648691,0.301,0.259,4.87893773664633e-42,"CCDC12"
1.60396004440824e-25,0.31837037043356,0.284,0.258,3.39654579003888e-21,"PSMF1"
1.84910908148877e-68,0.317622340417912,0.476,0.432,3.91567339096061e-64,"ATP5A1"
1.43281761533589e-204,0.317298789107322,0.823,0.779,3.03413458223529e-200,"SLC25A6"
8.76680722846033e-43,0.316366478037328,0.382,0.347,1.85645909869876e-38,"TOMM22"
1.97534587513952e-166,0.31621881596372,0.709,0.649,4.18299242519545e-162,"SSR4"
5.43359924704622e-51,0.315209856826001,0.382,0.341,1.15061897655451e-46,"TUFM"
5.16950491964422e-38,0.31399972806582,0.277,0.24,1.09469436178386e-33,"ARIH2"
4.94177793923396e-76,0.313899453792045,0.551,0.503,1.04647089641218e-71,"TRBC2"
1.53657995790527e-44,0.31344190680504,0.418,0.389,3.25386171886019e-40,"SEP15"
3.1034737923934e-72,0.31335058278527,0.497,0.456,6.57191610277227e-68,"VPS28"
2.47025504147144e-38,0.311831133377063,0.355,0.32,5.23101207581992e-34,"PLP2"
0,0.311280892456367,0.429,0.228,0,"S100A8"
7.7694197835412e-82,0.311195816119469,0.338,0.277,1.64525233336268e-77,"MTPN"
2.30250262265864e-81,0.310739744590696,0.526,0.474,4.87577955374194e-77,"HSP90B1"
5.12726837019636e-183,0.310495560284093,0.534,0.447,1.08575035007278e-178,"PKM"
4.59253542528997e-90,0.307832338924513,0.55,0.501,9.72515301659403e-86,"ATPIF1"
1.01939887219498e-20,0.307495503753058,0.256,0.232,2.15867905176009e-16,"POLE4"
7.71056498607585e-26,0.306691698092181,0.352,0.331,1.63278924145142e-21,"LIME1"
1.44037099309786e-70,0.305573207760818,0.42,0.367,3.05012961498402e-66,"POMP"
3.62080898955058e-124,0.3054254516807,0.643,0.588,7.66742511627231e-120,"ATP5D"
7.76738512174016e-37,0.304758004618962,0.347,0.317,1.6448214733797e-32,"BIN1"
5.65067114003884e-54,0.304671268969058,0.456,0.418,1.19658612061462e-49,"YWHAQ"
5.11127661042793e-48,0.303887853442861,0.341,0.298,1.08236393502422e-43,"RNF126"
8.51912279736455e-34,0.303277153856585,0.279,0.245,1.80400944356992e-29,"HAX1"
4.52457667752077e-57,0.302124697920751,0.339,0.289,9.58124357231799e-53,"ACAP2"
4.54359550192051e-53,0.300107856376857,0.38,0.335,9.62151783486688e-49,"MPHOSPH8"
2.58703765472527e-37,0.298793697494151,0.316,0.281,5.47831093764623e-33,"MAF1"
2.31626380261821e-200,0.29815568814332,0.901,0.863,4.90492022842431e-196,"CALM1"
4.70488375244266e-47,0.296898073410383,0.266,0.223,9.96306183417258e-43,"ANAPC5"
1.19105557286898e-54,0.296692078415005,0.455,0.422,2.52217928110736e-50,"XRCC6"
2.45797980337389e-24,0.293831055734375,0.308,0.284,5.20501803162455e-20,"POLR2G"
1.17539787458169e-136,0.291823989793112,0.719,0.667,2.48902253921419e-132,"C19orf43"
6.90158025546964e-72,0.2913111208698,0.51,0.465,1.46147863489825e-67,"C19orf53"
1.32095613499848e-28,0.289120503618849,0.274,0.244,2.79725671147278e-24,"LAPTM4A"
0.25969211232359,0.289113645645469,0.267,0.273,1,"AIF1"
3.23935161362896e-129,0.288048867088901,0.914,0.893,6.85965097702068e-125,"ACTG1"
4.6668339912093e-65,0.286635866356132,0.474,0.431,9.88248765978482e-61,"NDUFB4"
3.76436873110438e-30,0.286225778812017,0.309,0.279,7.97142722498663e-26,"RPN2"
2.3232225742e-114,0.286189086828223,0.683,0.632,4.91965612312592e-110,"NME2"
9.84342626289378e-69,0.285913831837282,0.458,0.409,2.08444394543039e-64,"WAS"
2.06113865514291e-18,0.2847687013632,0.297,0.28,4.36466721613062e-14,"SDHD"
3.07196274535875e-35,0.284739819147013,0.391,0.365,6.5051883095717e-31,"SUMO1"
1.97304786519339e-25,0.284583405809684,0.296,0.272,4.17812615933353e-21,"RBM4"
3.65021332539945e-50,0.284368001098238,0.393,0.351,7.72969173786586e-46,"HNRNPM"
1.76068334029758e-32,0.283941473140858,0.264,0.231,3.72842304141416e-28,"XRN2"
8.85790086355126e-17,0.283187827729372,0.259,0.24,1.87574908686561e-12,"SP110"
1.39706268926331e-88,0.282882418488948,0.578,0.534,2.95841995078398e-84,"C9orf16"
1.22534957722779e-42,0.282712322836282,0.426,0.395,2.59480026473756e-38,"CHURC1"
5.46381219066184e-160,0.280101444769819,0.815,0.771,1.15701686949455e-155,"MIF"
1.14148518102613e-155,0.278689906685714,0.799,0.754,2.41720901934092e-151,"SUMO2"
4.56850722486772e-55,0.278239572775355,0.465,0.429,9.67427089937989e-51,"MTDH"
2.19214504813456e-42,0.275555268300951,0.357,0.318,4.64208635392975e-38,"WASF2"
1.7237164322082e-44,0.275004493680763,0.419,0.386,3.65014191684409e-40,"SSU72"
5.76697670143396e-19,0.274071415629505,0.282,0.262,1.22121498629565e-14,"CNOT7"
2.22891241469175e-46,0.273613948803348,0.462,0.43,4.71994492935125e-42,"CSNK2B"
4.22122546512298e-23,0.273396933846734,0.32,0.299,8.93886704494442e-19,"SELT"
3.6963498540963e-23,0.273352388752808,0.342,0.322,7.82739045103432e-19,"ERGIC3"
4.28429960707381e-49,0.273328412820192,0.462,0.427,9.0724328479395e-45,"MRPS21"
2.64833304691753e-37,0.272970266172956,0.375,0.342,5.60811006015257e-33,"ENSA"
6.4160520725787e-20,0.272872125801852,0.272,0.25,1.35866318688927e-15,"C19orf66"
6.61505749202201e-52,0.271991778787523,0.471,0.434,1.40080457451058e-47,"TUBB"
2.94109121658918e-90,0.2718297859742,0.631,0.59,6.22805476024926e-86,"UBE2D2"
1.18821573742057e-32,0.270647580642061,0.385,0.359,2.5161656455618e-28,"C1QBP"
4.78532460257035e-47,0.269979042367283,0.375,0.335,1.0133403378403e-42,"CNPY3"
1.28573423724383e-78,0.269847742874865,0.633,0.597,2.72267082078754e-74,"ERP29"
2.24420619095752e-51,0.269421624373935,0.405,0.359,4.75233102997164e-47,"CAST"
1.51973335692501e-18,0.26875303500904,0.286,0.267,3.21818735662441e-14,"CLNS1A"
2.53406500331886e-31,0.267875188635645,0.303,0.271,5.36613605102801e-27,"NUCB1"
1.28015999918064e-80,0.267815921038197,0.866,0.842,2.71086681426493e-76,"CD37"
0,0.266408980093451,0.438,0.229,0,"S100A9"
4.02120709347744e-37,0.266284737383721,0.319,0.281,8.51530814114782e-33,"NDUFB1"
1.57760792678237e-13,0.26620293426053,0.254,0.237,3.34074254575435e-09,"SSR3"
1.73645876568181e-83,0.265835766570828,0.501,0.452,3.67712508220781e-79,"FKBP8"
0,0.265696436661896,0.964,0.932,0,"RPL6"
2.67867970210598e-30,0.264925237628357,0.41,0.388,5.67237213717963e-26,"TECR"
1.98924879705616e-56,0.2641537903757,0.58,0.549,4.21243325264612e-52,"CNN2"
1.08839671312942e-86,0.263378320888162,0.575,0.525,2.30478887972286e-82,"USMG5"
1.10403949102504e-42,0.263056199562934,0.443,0.41,2.33791402619463e-38,"ABRACL"
1.65124819678771e-24,0.262074206089392,0.295,0.269,3.49668318151765e-20,"MRPL33"
1.1402215246026e-30,0.261965889214483,0.361,0.334,2.41453310049847e-26,"TRAM1"
5.43752921298128e-153,0.261954262533538,0.76,0.708,1.15145118614092e-148,"TPM3"
1.54422705997323e-25,0.261478796418304,0.319,0.294,3.27005522219932e-21,"C16orf13"
2.38128028068666e-284,0.261023109407291,0.797,0.707,5.04259912238207e-280,"TAGLN2"
0,0.260973634019251,0.961,0.94,0,"HLA.E"
4.019543354461e-57,0.260697353556015,0.578,0.554,8.51178500740661e-53,"HMGN1"
5.16332085383288e-29,0.259068185342822,0.364,0.338,1.09338482400765e-24,"UBE2V1"
2.7539915101052e-49,0.258440236853483,0.345,0.298,5.83185242179877e-45,"SYNE2"
7.31191645536003e-22,0.257591276269586,0.313,0.293,1.54837142858704e-17,"CLTA"
1.24164389665024e-27,0.256345602924419,0.272,0.242,2.62930511554655e-23,"NAP1L4"
3.06777319831934e-06,0.2563419307278,0.558,0.608,0.0649631652476103,"FOS"
7.98436917620504e-27,0.256204472779886,0.273,0.243,1.69077001675318e-22,"SLTM"
3.93184865046493e-13,0.255670461701235,0.268,0.254,8.32608270222454e-09,"LSM5"
8.44536845284394e-102,0.255631730086084,0.698,0.657,1.78839122357423e-97,"HNRNPK"
2.24595102303419e-24,0.255478938681646,0.332,0.308,4.7560258863772e-20,"CYFIP2"
4.36863982574639e-35,0.253872094704094,0.271,0.235,9.25103169500056e-31,"HNRNPD"
6.62495618688341e-34,0.251667783950006,0.27,0.234,1.40290072213443e-29,"HM13"
1.80787817797207e-86,0.251497823916382,0.656,0.609,3.82836282967366e-82,"LCP1"
2.3753405143094e-73,0.251461174840858,0.548,0.51,5.03002107310158e-69,"SH3BGRL"
9.00375088899846e-17,0.250282693901218,0.265,0.246,1.90663428825431e-12,"PUF60"
3.33362068938527e-249,-0.251172737734362,0.95,0.927,7.05927517184225e-245,"RPS6"
8.58097428037765e-44,-0.253260889636134,0.346,0.414,1.81710711361277e-39,"ARID4B"
7.30881244802852e-26,-0.256721126271794,0.339,0.388,1.54771412399452e-21,"EML4"
1.36866363940996e-248,-0.260115959694194,0.893,0.886,2.89828212281453e-244,"HNRNPA1"
8.57614814875923e-35,-0.260415408801616,0.333,0.39,1.81608513198125e-30,"NR3C1"
6.28758654317479e-30,-0.261480836448939,0.234,0.282,1.33145932638269e-25,"PRPF8"
6.17647971479937e-66,-0.262355357845465,0.265,0.342,1.30793134440591e-61,"CCDC59"
1.05360526947004e-43,-0.26321137952571,0.327,0.392,2.23111451862976e-39,"HNRNPH3"
3.57474170043241e-55,-0.263726786399425,0.4,0.471,7.56987302483568e-51,"IKZF1"
2.18923000266359e-126,-0.263775195755048,0.79,0.825,4.63591345364041e-122,"UBB"
6.51350771780349e-229,-0.264049560184561,0.842,0.864,1.37930039432207e-224,"PCBP2"
1.52364820136456e-84,-0.264617324257952,0.577,0.643,3.22647743120959e-80,"EIF4B"
7.43861405250762e-20,-0.265152381783725,0.262,0.301,1.57520091175901e-15,"HMHA1"
3.44896701757415e-46,-0.265371943234437,0.486,0.548,7.30353255641503e-42,"SRSF3"
8.39660616642232e-290,-0.265521504858488,0.9,0.895,1.77806532180159e-285,"RPL38"
1.00731237182186e-290,-0.266331453201263,0.961,0.937,2.13308467856997e-286,"RPS18"
3.81736768842771e-21,-0.268210070415221,0.319,0.355,8.08365781701451e-17,"TUBA4A"
7.15914319703274e-49,-0.269441874446782,0.389,0.458,1.51602016340365e-44,"EMD"
1.13180486896719e-133,-0.271975542151742,0.862,0.832,2.39670999052491e-129,"EEF1G"
2.21972298438268e-37,-0.273000076116452,0.219,0.27,4.70048539172876e-33,"CGGBP1"
3.57909519644551e-57,-0.276520152170457,0.599,0.643,7.57909198799301e-53,"SOD1"
1.08027939717518e-35,-0.27683361426782,0.237,0.288,2.28759965145816e-31,"RORA"
0,-0.278472765161122,0.973,0.962,0,"TPT1"
3.26686997686923e-25,-0.279475762505804,0.236,0.279,6.91792386301829e-21,"YTHDC1"
4.37487266235678e-68,-0.283173658814011,0.382,0.462,9.26423034980672e-64,"SPOCK2"
6.20822013583315e-56,-0.29129668390562,0.31,0.382,1.31465269596403e-51,"ZNF207"
1.99483464124395e-20,-0.291779013639927,0.384,0.428,4.2242618362982e-16,"DDX3X"
1.29358312775896e-57,-0.29440961558438,0.418,0.49,2.73929163134238e-53,"UBE2B"
7.70302137944764e-12,-0.296780752721581,0.417,0.449,1.63119180731183e-07,"ID2"
4.00366638535017e-93,-0.297487752723715,0.452,0.542,8.47816393761752e-89,"RSL24D1"
3.35797276313125e-19,-0.29986117720315,0.221,0.255,7.11084312320674e-15,"NFATC2"
1.4973860554818e-53,-0.300534695594191,0.195,0.255,3.17086471108826e-49,"CBLB"
1.62971279429621e-73,-0.302480813456176,0.398,0.484,3.45107981320165e-69,"VAPA"
2.32290327850664e-25,-0.302736247208884,0.255,0.299,4.91897998256567e-21,"ILF3"
1.89041482199427e-103,-0.309918881156414,0.622,0.698,4.00314242705507e-99,"MBNL1"
0,-0.310453250187412,0.976,0.965,0,"EIF1"
3.20796857357368e-223,-0.312469038304233,0.849,0.879,6.79319425139962e-219,"LAPTM5"
6.73581687388337e-72,-0.317119859482688,0.278,0.359,1.42637658121354e-67,"PPP2CA"
1.22525553519288e-36,-0.32118287094864,0.374,0.311,2.59460112132444e-32,"CCL4"
2.97603679686578e-40,-0.321239164692909,0.208,0.261,6.30205552104298e-36,"PHF1"
2.50624621955296e-298,-0.322654297885316,0.832,0.856,5.30722699452534e-294,"RPL27A"
1.03788333237115e-43,-0.326054108519296,0.387,0.451,2.19782174462914e-39,"DDX17"
5.12609465558275e-144,-0.326722046039466,0.965,0.979,1.0855018042662e-139,"MT.ATP8"
8.56962244879213e-153,-0.329009480991714,0.992,0.994,1.81470324975622e-148,"MT.CYB"
0,-0.330311326324084,0.945,0.919,0,"RPL3"
4.10564232341777e-53,-0.331154939876803,0.199,0.258,8.69410818406948e-49,"DOCK10"
7.86284445234218e-96,-0.331433114731163,0.36,0.452,1.66503594122798e-91,"ARHGAP15"
4.74886193228334e-46,-0.332021098971408,0.208,0.26,1.00561900278032e-41,"MYADM"
1.91266721353454e-79,-0.332794361766999,0.277,0.361,4.05026409138074e-75,"LAMP1"
0,-0.332997073966474,0.917,0.922,0,"PABPC1"
9.18936509215334e-30,-0.335549986913925,0.388,0.442,1.94593995191439e-25,"GNAS"
5.74248500758322e-73,-0.338057317929646,0.307,0.386,1.21602862520582e-68,"ANKRD44"
3.93266620251209e-115,-0.338728748776961,0.528,0.609,8.32781395043961e-111,"LEPROTL1"
1.99411894382833e-97,-0.341015753875442,0.293,0.385,4.22274627545086e-93,"MATR3.1"
0,-0.341809259307705,0.992,0.99,0,"MALAT1"
0.411294893334912,-0.347460114615984,0.328,0.327,1,"CEBPB"
7.53849159665263e-228,-0.348305010827219,0.832,0.832,1.59635098050716e-223,"NPM1"
3.24328648640469e-50,-0.349099041642458,0.221,0.279,6.86798346361058e-46,"ST3GAL1"
6.5559144407812e-16,-0.350940478258562,0.312,0.336,1.38828044197983e-11,"MAP3K8"
3.38562213703929e-51,-0.351634452611331,0.203,0.261,7.16939343739439e-47,"USP16"
3.72331835488534e-73,-0.352764676836323,0.237,0.31,7.8844989483052e-69,"EPB41L4A.AS1"
1.41081284300491e-31,-0.355141931395229,0.345,0.404,2.98753727634719e-27,"MAX"
1.70931171651641e-30,-0.356900733788419,0.231,0.276,3.61963849089515e-26,"AFF4"
3.37983168028253e-95,-0.360185585654644,0.294,0.385,7.15713156616629e-91,"SBDS"
9.12851466148553e-99,-0.361386134036122,0.424,0.52,1.93305426471618e-94,"ARHGEF1"
3.97078135182522e-99,-0.361621823966619,0.423,0.51,8.4085265906251e-95,"TMEM123"
3.59121815631307e-62,-0.367008045985157,0.544,0.592,7.60476356780855e-58,"LDHA"
7.19893189076285e-62,-0.369179326600401,0.194,0.258,1.52444581718794e-57,"MAPRE1"
7.8859124116045e-307,-0.370144016458375,0.981,0.983,1.66992081228137e-302,"MT.ND4L"
2.45739473722231e-104,-0.370512675051436,0.537,0.616,5.20377909554195e-100,"SRSF7"
6.03490506519218e-135,-0.371810623109761,0.476,0.582,1.2779514966051e-130,"PRRC2C"
1.90730107861055e-116,-0.378076390296664,0.287,0.383,4.03890076406571e-112,"TCF7"
1.55041964479445e-87,-0.378106670195253,0.19,0.266,3.28316863981673e-83,"TXK"
1.15363898560487e-64,-0.3802227696505,0.267,0.336,2.44294591591688e-60,"ARHGAP4"
2.36545090167231e-51,-0.380860507383684,0.303,0.366,5.00907882938128e-47,"SLC38A2"
6.99941364766811e-86,-0.387807914321306,0.185,0.257,1.4821958340302e-81,"RCAN3"
1.17449398069129e-102,-0.387863065922159,0.273,0.196,2.48710845351188e-98,"PPBP"
2.00785727092397e-263,-0.397989711745365,0.722,0.782,4.2518385569086e-259,"GLTSCR2"
3.21857126088633e-125,-0.398615319413207,0.374,0.478,6.8156465020529e-121,"TAF1D"
1.57582541318514e-88,-0.399883792301279,0.388,0.47,3.33696789496085e-84,"DYNLL1"
7.61062247322535e-142,-0.403478885807677,0.458,0.568,1.6116254149302e-137,"CELF2"
2.40305731158275e-94,-0.403652987552817,0.221,0.303,5.08871416300764e-90,"ISCA1"
2.16570500872205e-145,-0.408206056635038,0.522,0.623,4.58609692646981e-141,"CD44"
1.19308091452473e-169,-0.410743964965102,0.483,0.597,2.52646814459757e-165,"STK17B"
5.79808645351896e-78,-0.414109088347964,0.287,0.363,1.22780278739718e-73,"DDX21"
4.23707166790105e-132,-0.415781653057325,0.41,0.515,8.97242296394727e-128,"SUN2"
2.86250140316306e-62,-0.416032222407285,0.19,0.25,6.0616329713381e-58,"FKBP5"
9.59420493571077e-194,-0.416713659049659,0.986,0.99,2.03166883718611e-189,"MT.ND3"
7.31619264180376e-71,-0.418008713062775,0.232,0.304,1.54927695382836e-66,"CNOT2"
8.92676796759659e-116,-0.418104185697321,0.427,0.524,1.89033238481825e-111,"SMCHD1"
8.8403076575553e-206,-0.418683359308895,0.576,0.684,1.87202354956391e-201,"EIF4A2"
2.29005324011658e-78,-0.420720165990114,0.303,0.381,4.84941674127087e-74,"EIF4A1"
1.06982004087786e-70,-0.423138515622075,0.261,0.333,2.26545091856296e-66,"ATP1A1"
2.08811163492525e-101,-0.423357619345984,0.228,0.313,4.4217851981177e-97,"USP3"
6.48224320787415e-67,-0.424989113661957,0.192,0.251,1.37267982169943e-62,"GPR183"
1.65421306185613e-70,-0.425263084428769,0.196,0.263,3.50296157978653e-66,"RNMT"
0,-0.430049832022884,0.883,0.888,0,"ZFP36L2"
1.16412587478776e-99,-0.430711886146809,0.267,0.354,2.46515295245056e-95,"SSH2"
3.87472246092878e-86,-0.433875246335756,0.291,0.373,8.20511228326279e-82,"SORL1"
1.1337127180599e-81,-0.439270899416633,0.225,0.3,2.40075005176364e-77,"MGEA5"
4.9235370097067e-114,-0.439408952193616,0.317,0.41,1.04260819717549e-109,"G3BP2"
1.22761493016193e-262,-0.444232068779863,0.823,0.847,2.59959737611089e-258,"TSC22D3"
6.36029119890065e-162,-0.446376655583569,0.358,0.475,1.3468552642792e-157,"PIK3IP1"
3.20167222095738e-106,-0.451890057504996,0.249,0.336,6.77986109509934e-102,"ITK"
4.46981517059468e-112,-0.452678569413284,0.274,0.367,9.4652806052513e-108,"RNF125"
1.32825790690256e-82,-0.455536441953659,0.337,0.418,2.81271894365687e-78,"FMNL1"
2.0779870182668e-86,-0.455583396990243,0.436,0.516,4.40034530988177e-82,"MCL1"
1.63782330455149e-75,-0.460987771859828,0.251,0.321,3.46825462971824e-71,"TGFBR2"
8.10536485779801e-75,-0.461437289927181,0.199,0.267,1.71639206228731e-70,"TRA2A"
4.48476539664325e-60,-0.461599781287447,0.199,0.26,9.49693920393175e-56,"SLBP"
2.12910474546344e-97,-0.466437600425466,0.211,0.291,4.50859220899337e-93,"ARF4"
0,-0.467486940779264,0.966,0.941,0,"RPS3A"
1.43440698961396e-170,-0.467487199680713,0.975,0.983,3.03750024120652e-166,"MT.ND1"
1.9664930173192e-197,-0.469832272421292,0.371,0.497,4.16424561347513e-193,"RBM25"
1.06939235449447e-276,-0.471441222696128,0.64,0.719,2.2645452498775e-272,"EIF3E"
0,-0.471455719661089,0.866,0.88,0,"EEF2"
1.97890398893734e-78,-0.473153069462764,0.228,0.301,4.19052708697371e-74,"AKAP9"
5.0573450898892e-121,-0.473552446444103,0.252,0.346,1.07094339623494e-116,"NOP58"
2.21947150258943e-110,-0.474388290276274,0.181,0.262,4.69995285388337e-106,"WDR33"
0,-0.476751037352304,0.606,0.732,0,"RBM39"
5.39529566571558e-319,-0.479005304282122,0.872,0.873,1.14250781017193e-314,"SARAF"
5.08435334856444e-234,-0.479017035236726,0.418,0.553,1.07666266509201e-229,"SF3B1"
1.93774678445754e-132,-0.479189580145462,0.222,0.319,4.10337259076728e-128,"GTF2B"
3.09423181983626e-131,-0.479736842321767,0.281,0.38,6.55234530168525e-127,"SDCBP"
1.33062359993743e-87,-0.481443872872546,0.203,0.277,2.8177285352275e-83,"ZNF292"
7.78997122559555e-115,-0.484494999349202,0.273,0.369,1.64960430673211e-110,"GPBP1"
4.42244073268625e-187,-0.49425041596362,0.429,0.54,9.3649604955364e-183,"NDFIP1"
7.08226169072437e-96,-0.496574409061674,0.187,0.264,1.49973973562779e-91,"ANKRD10"
4.01399207923104e-120,-0.500493755464938,0.169,0.253,8.50002962697964e-116,"EBLN3"
9.00955970067314e-154,-0.500715438727178,0.272,0.379,1.90786436221454e-149,"TC2N"
3.84055934844148e-85,-0.502973855547861,0.214,0.288,8.13276847625969e-81,"JMJD1C"
7.05744953558532e-102,-0.507010893722718,0.18,0.258,1.49448551365555e-97,"CDK17"
4.16485009702135e-174,-0.507862451951765,0.39,0.499,8.81948656545241e-170,"RHOH"
0,-0.515248537344802,0.64,0.752,0,"ZFAS1"
2.86287808846949e-120,-0.516939722439405,0.24,0.33,6.06243064014299e-116,"S1PR1"
3.96201935078667e-142,-0.51695106358199,0.425,0.525,8.38997217722586e-138,"HSPA5"
1.69125435949964e-174,-0.517314957961488,0.224,0.336,3.58140023167644e-170,"CIR1"
2.18851259249234e-197,-0.519577653242802,0.949,0.97,4.63439426586178e-193,"MT.ND4"
3.50031363883082e-109,-0.520026884342887,0.223,0.31,7.41226416158814e-105,"DHX36"
4.9939965684516e-169,-0.522134320752838,0.267,0.382,1.05752871333531e-164,"SERINC1"
3.72157128428137e-91,-0.523136949961134,0.203,0.278,7.88079935159424e-87,"DYNC1H1"
2.88256416925216e-53,-0.524970878614716,0.215,0.27,6.10411788480837e-49,"CDC42EP3"
7.42184352197644e-118,-0.527205184802618,0.373,0.457,1.57164958421373e-113,"PIK3R1"
8.16839507788215e-83,-0.528870918574274,0.19,0.26,1.72973934169232e-78,"TMEM259"
5.84800916130308e-153,-0.535400302783865,0.253,0.358,1.23837441999754e-148,"CD96"
5.80076744286797e-201,-0.54468513967988,0.373,0.499,1.22837051370172e-196,"CYCS"
4.67769201049465e-138,-0.54788778630987,0.186,0.278,9.90548060142347e-134,"BIRC3"
3.0467180025106e-257,-0.550752204913103,0.962,0.979,6.45173004211645e-253,"MT.ND2"
7.68845965114069e-233,-0.554117895551693,0.49,0.617,1.62810821572555e-228,"IRF1"
1.06476667687634e-96,-0.554898303968404,0.269,0.352,2.25474991495334e-92,"HNRNPH1"
1.83992803457744e-173,-0.557438476954587,0.231,0.342,3.89623160602118e-169,"PHF3"
4.42324756097869e-143,-0.567239331653845,0.248,0.35,9.36666903512847e-139,"TMEM2"
3.02959960265491e-290,-0.572625380578371,0.407,0.554,6.41548011858203e-286,"DDX24"
0,-0.575136510214739,0.863,0.904,0,"PNRC1"
5.14601557615669e-141,-0.580919865624469,0.207,0.305,1.08972025840694e-136,"PTBP1"
3.06825582051049e-128,-0.584070328953301,0.169,0.255,6.49733852551301e-124,"NR1D2"
4.1460398787594e-178,-0.586734246780677,0.421,0.535,8.7796540472609e-174,"CCNL1"
4.74246307731963e-176,-0.588066257626051,0.259,0.372,1.0042639812532e-171,"HSPA9"
0,-0.589972025922272,0.987,0.994,0,"MT.ATP6"
5.90659108503556e-132,-0.604602835275539,0.176,0.263,1.25077972816713e-127,"CMC2"
2.43072330539366e-151,-0.605709494391314,0.236,0.339,5.14729967150162e-147,"SNRNP70"
8.9307671004075e-154,-0.607817190702201,0.17,0.263,1.89117924118229e-149,"PDE4D"
1.35334194518782e-135,-0.608706754222009,0.175,0.263,2.86583690312973e-131,"HBP1"
2.22189435229191e-137,-0.609354594949106,0.226,0.321,4.70508348041334e-133,"CHD2"
1.33349456669119e-237,-0.609708762376882,0.244,0.377,2.82380809442526e-233,"SNRPA1"
2.76612652075785e-201,-0.611066852697808,0.204,0.32,5.85754952035682e-197,"C6orf48"
3.56945336208756e-235,-0.629623467797109,0.266,0.397,7.55867443955662e-231,"PDE4B"
3.49295901407245e-267,-0.633213623845047,0.348,0.49,7.39669000819982e-263,"DNAJB6"
0,-0.633455759035973,0.971,0.986,0,"HLA.B"
1.07742550169353e-251,-0.652964203712282,0.333,0.467,2.28155624238621e-247,"STAT3"
3.37766685489715e-179,-0.65377166706214,0.2,0.306,7.1525473319302e-175,"DNTTIP2"
1.07297919285478e-101,-0.660982574955151,0.195,0.269,2.27214073878928e-97,"ERN1"
5.94128992041833e-261,-0.66263777020919,0.475,0.591,1.25812755354779e-256,"ZFP36L1"
2.79782171854038e-128,-0.664238259124144,0.271,0.362,5.92466727118111e-124,"UPP1"
6.52186184471571e-219,-0.665050015508665,0.253,0.378,1.381069464237e-214,"ATF4"
7.79556454711306e-194,-0.672958531969097,0.238,0.352,1.65078874849666e-189,"NKTR"
5.75363144578807e-163,-0.674060020471143,0.229,0.332,1.21838899496008e-158,"OGT"
6.76819773358424e-238,-0.678725279534628,0.29,0.423,1.4332335520638e-233,"YME1L1"
5.81378833064835e-168,-0.69795418194593,0.161,0.257,1.2311278168981e-163,"MECP2"
9.41320003600659e-284,-0.700082271728283,0.338,0.486,1.99333923962476e-279,"WSB1"
1.89850434170618e-176,-0.716396621271878,0.171,0.267,4.02027279399701e-172,"IL6ST"
6.57140423898958e-190,-0.718724668819646,0.162,0.264,1.39156056164843e-185,"PAG1"
4.98967172769009e-160,-0.732849195666676,0.173,0.268,1.05661288505565e-155,"PPP1CB"
3.0575949435157e-202,-0.739678222747252,0.259,0.37,6.47476305238885e-198,"NSMCE3"
1.12982068852085e-186,-0.739868749016406,0.164,0.266,2.39250829001176e-182,"SEMA4D"
8.58034233635234e-244,-0.740593473285185,0.215,0.343,1.81697329314597e-239,"LINC.PINT"
0,-0.741080689968944,0.573,0.725,0,"CYTIP"
2.20161638186445e-215,-0.743039298961966,0.224,0.341,4.66214285023615e-211,"FAM177A1"
0,-0.743263585454224,0.787,0.841,0,"ZFP36"
0,-0.745514988262866,0.548,0.674,0,"CD69"
8.6889385755047e-245,-0.755095687659438,0.205,0.329,1.83996963274887e-240,"HIF1A"
5.05216171106829e-271,-0.756612281310974,0.23,0.36,1.06984576393582e-266,"LEF1"
0,-0.760956833845712,0.436,0.589,0,"SNHG8"
5.99236586202174e-275,-0.769610390269708,0.18,0.312,1.26894339494172e-270,"LUC7L2"
4.1964027620094e-142,-0.780515577676467,0.223,0.315,8.8863024888311e-138,"XIST"
0,-0.783141739268272,0.266,0.42,0,"RASA3"
1.21554566132371e-231,-0.788276998010047,0.218,0.337,2.57403949241909e-227,"SATB1"
3.56743431512328e-259,-0.789423931992473,0.237,0.367,7.55439890570505e-255,"ABLIM1"
0,-0.791453569396969,0.826,0.879,0,"HSPA8"
2.1754699724468e-189,-0.792373400493674,0.549,0.667,4.60677521365335e-185,"SAT1"
0,-0.794370840388963,0.43,0.59,0,"SRSF2"
4.81430080996236e-179,-0.7955686977463,0.197,0.298,1.01947633951763e-174,"SAMSN1"
5.52666460697792e-214,-0.795635366481832,0.18,0.291,1.17032649717364e-209,"IDI1"
3.70417028728801e-304,-0.80322318552399,0.234,0.377,7.84395100036109e-300,"RGS2"
9.95541183598222e-294,-0.806996698318636,0.238,0.375,2.10815801038759e-289,"CAMK4"
5.02818578695722e-242,-0.807443139921378,0.189,0.308,1.06476862224606e-237,"OXNAD1"
6.33965905117595e-247,-0.81461358739481,0.14,0.25,1.34248620067702e-242,"CD83"
0,-0.816445180462098,0.887,0.928,0,"UBC"
0,-0.820668698410386,0.271,0.424,0,"CCNH"
0,-0.824928559643139,0.925,0.925,0,"BTG1"
1.35560555555223e-122,-0.825852739338838,0.294,0.387,2.8706303244374e-118,"SOD2"
7.82809580247312e-302,-0.826224376237461,0.231,0.376,1.65767756713171e-297,"ZFAND5"
2.51455695437329e-228,-0.829231054029051,0.169,0.282,5.32482580658087e-224,"TLE4"
1.52868281425155e-265,-0.830917667302836,0.179,0.306,3.23713872745909e-261,"ARID5A"
0,-0.83255180642029,0.198,0.343,0,"MARCKSL1"
0,-0.83645351582892,0.196,0.344,0,"ZBTB1"
2.81617418129511e-318,-0.855578079994511,0.351,0.496,5.96353044631051e-314,"REL"
0,-0.86552821188925,0.234,0.383,0,"TMC8"
0,-0.87152525705459,0.414,0.638,0,"SRSF11"
9.03338607018332e-173,-0.877607347544144,0.199,0.297,1.91290983422202e-168,"ATP2B1"
7.22314191720115e-317,-0.881803319612901,0.247,0.395,1.52957253238652e-312,"CHD1"
4.74853615984016e-269,-0.892107197902867,0.19,0.318,1.00555001720775e-264,"CNOT6L"
0,-0.90917961997948,0.247,0.428,0,"CMPK1"
0,-0.915540930196847,0.525,0.681,0,"DDIT4"
0,-0.930791837199515,0.501,0.698,0,"SLC2A3"
0,-0.939449463038119,0.17,0.32,0,"RABGGTB"
1.67456037917947e-183,-0.940485762418786,0.164,0.263,3.54604905895044e-179,"NAMPT"
0,-0.944408395851177,0.705,0.852,0,"HSP90AB1"
0,-0.955656021308665,0.385,0.555,0,"PPP1R2"
0,-0.965014888778042,0.185,0.338,0,"RNF138"
0,-0.969706983597229,0.225,0.38,0,"SNHG15"
0,-0.973749937041137,0.265,0.472,0,"RSRC2"
1.1147680122716e-266,-0.978563583075809,0.158,0.276,2.36063274278634e-262,"SOCS3"
2.99555034306044e-223,-0.979162056885614,0.17,0.277,6.34337740646479e-219,"RGCC"
0,-0.979990704271394,0.676,0.785,0,"IER2"
0,-0.995077411043681,0.254,0.426,0,"BCAS2"
7.35314132595749e-297,-0.995381924003364,0.143,0.268,1.55710120718476e-292,"GABARAPL1"
0,-1.01151748369048,0.662,0.833,0,"CXCR4"
0,-1.01860305716394,0.326,0.52,0,"CCT4"
0,-1.03997887884442,0.287,0.438,0,"CITED2"
0,-1.04989461582237,0.248,0.398,0,"TUBB4B"
1.27518887244605e-181,-1.06163339227984,0.222,0.313,2.70033995629175e-177,"BHLHE40"
0,-1.06324100273091,0.399,0.645,0,"SFPQ"
1.72940460801601e-251,-1.06577768448644,0.165,0.28,3.66218719793471e-247,"IVNS1ABP"
0,-1.06888780613694,0.324,0.565,0,"PCBP1"
0,-1.07454228571991,0.122,0.253,0,"CDKN2AIP"
0,-1.07807269362966,0.486,0.718,0,"EIF5"
1.97626258336499e-323,-1.08270590890708,0.133,0.261,4.18493364653369e-319,"CCNT1"
1.26449896047318e-265,-1.0850559019815,0.152,0.268,2.67770299869801e-261,"MAT2A"
0,-1.11687091332047,0.162,0.384,0,"AREG"
0,-1.12595339731535,0.129,0.259,0,"EIF4A3"
0,-1.1437996812544,0.192,0.363,0,"VPS37B"
0,-1.146932439844,0.167,0.342,0,"SIAH2"
0,-1.14929249565705,0.376,0.613,0,"BRD2"
0,-1.16680015931396,0.707,0.864,0,"NFKBIA"
0,-1.16767684834175,0.467,0.736,0,"RSRP1"
0,-1.21588608564051,0.182,0.35,0,"RANBP2"
0,-1.21874788412759,0.163,0.297,0,"FOSB"
0,-1.22208009577087,0.132,0.278,0,"AZIN1"
0,-1.23710975964786,0.208,0.4,0,"NFE2L2"
0,-1.24127992408407,0.186,0.369,0,"TCP1"
0,-1.24245026100378,0.543,0.818,0,"TNFAIP3"
0,-1.25530424520279,0.202,0.444,0,"OSER1"
0,-1.27101657405199,0.144,0.271,0,"FOSL2"
4.18528067279686e-171,-1.28768353615373,0.444,0.551,8.86275035271463e-167,"NEAT1"
0,-1.29612747028435,0.272,0.496,0,"NFKBIZ"
0,-1.29842803036443,0.264,0.456,0,"HSPD1"
0,-1.33428959026273,0.202,0.412,0,"CSRNP1"
0,-1.34044392493425,0.471,0.611,0,"SQSTM1"
0,-1.34910122047975,0.142,0.285,0,"INSIG1"
0,-1.35393519957034,0.203,0.469,0,"ZNF331"
0,-1.36116760436156,0.274,0.499,0,"CACYBP"
0,-1.38007210738272,0.191,0.398,0,"PTGER4"
0,-1.38008601679806,0.408,0.675,0,"CD55"
0,-1.38334741998849,0.13,0.303,0,"HSPA4"
0,-1.40368500294534,0.583,0.852,0,"DUSP2"
0,-1.47652356738014,0.113,0.286,0,"DDIT3"
0,-1.49443332416778,0.164,0.37,0,"PTP4A1"
0,-1.50042018700702,0.653,0.879,0,"DUSP1"
0,-1.51305336004031,0.184,0.42,0,"MYLIP"
0,-1.53069618700255,0.24,0.449,0,"JUND"
0,-1.54233285859064,0.409,0.701,0,"BTG2"
0,-1.54960973602442,0.428,0.751,0,"NR4A2"
0,-1.56689138375445,0.255,0.535,0,"CLK1"
0,-1.57778288548444,0.106,0.278,0,"CDKN1A"
0,-1.58601302531322,0.136,0.324,0,"CTA.29F11.1"
0,-1.59337235166192,0.29,0.581,0,"DNAJA1"
0,-1.59462650981386,0.386,0.699,0,"YPEL5"
0,-1.61628839832297,0.107,0.265,0,"USP36"
0,-1.62249859076937,0.123,0.311,0,"TSPYL2"
0,-1.62740812809617,0.18,0.399,0,"CHMP1B"
0,-1.66677133983256,0.115,0.309,0,"PER1"
0,-1.70078224198045,0.095,0.281,0,"GADD45A"
0,-1.72293160004124,0.405,0.671,0,"HSPE1"
0,-1.73136891934061,0.346,0.581,0,"HSPB1"
0,-1.7418748822848,0.135,0.339,0,"RGS1"
0,-1.74556591058003,0.183,0.419,0,"ARRDC2"
0,-1.76077055234128,0.124,0.364,0,"RALGAPA1"
0,-1.83573952288135,0.362,0.698,0,"JUN"
0,-1.83781682257838,0.139,0.39,0,"AP000769.1"
0,-1.85863411268878,0.094,0.295,0,"PRMT9"
0,-1.87829940710277,0.11,0.334,0,"SOCS1"
0,-1.89620596632699,0.096,0.25,0,"KDM6B"
0,-1.90645660519226,0.083,0.252,0,"CHORDC1"
0,-2.04607070962246,0.202,0.593,0,"SERTAD1"
0,-2.10027591123002,0.1,0.332,0,"H2AFX"
0,-2.1103603374245,0.361,0.718,0,"PPP1R15A"
0,-2.1543774296163,0.133,0.446,0,"SKIL"
0,-2.20914029835168,0.18,0.489,0,"CREM"
0,-2.25528124490027,0.736,0.941,0,"HSP90AA1"
0,-2.46344550058267,0.102,0.295,0,"IER5"
0,-2.51697199568458,0.079,0.334,0,"RBKS"
0,-2.75661482950609,0.37,0.793,0,"GADD45B"
0,-3.30771940864272,0.085,0.47,0,"NR4A1"
0,-3.36154998842751,0.041,0.309,0,"ANKRD37"
0,-3.51480619572157,0.524,0.921,0,"DNAJB1"
0,-4.22893046558295,0.077,0.567,0,"HSPH1"
0,-7.13822860370303,0.016,0.27,0,"HSPA6"
0,-7.45304419835292,0.071,0.705,0,"HSPA1A"
0,-9.55272249613316,0.013,0.804,0,"HSPA1B"
